<?xml version="1.0" encoding="UTF-8"?>
<feature
      id="org.jkiss.dbeaver.rcp.feature"
      label="%featureName"
      version="2.1.124.202101161839"
      provider-name="%providerName">

    <description>
      %description
    </description>

    <copyright>
      %copyright
    </copyright>

    <license url="%licenseURL">
      %license
    </license>

<!--
    <includes id="org.eclipse.rcp" version="0.0.0"/>

    <plugin id="com.ibm.icu.base" download-size="0" install-size="0" version="0.0.0" unpack="false"/>
    <plugin id="org.eclipse.draw2d" download-size="0" install-size="0" version="0.0.0" unpack="false"/>
    <plugin id="org.eclipse.gef" download-size="0" install-size="0" version="0.0.0" unpack="false"/>
-->

    <requires>
        <import plugin="org.eclipse.core.runtime" version="3.7" match="greaterOrEqual"/>
    </requires>

    <plugin id="com.ibm.icu.base" download-size="181" install-size="380" version="58.2.0.v20170418-1837" unpack="false"/>

    <plugin id="javax.annotation" download-size="46" install-size="115" version="1.3.5.v20200909-1856" unpack="false"/>
    <plugin id="javax.inject" download-size="14" install-size="24" version="1.0.0.v20091030" unpack="false"/>

    <plugin id="org.w3c.css.sac" download-size="35" install-size="61" version="1.3.1.v200903091627" unpack="false"/>

    <plugin id="org.apache.batik.css" download-size="353" install-size="713" version="1.13.0.v20200622-2037" unpack="false"/>
    <plugin id="org.apache.batik.util" download-size="144" install-size="282" version="1.13.0.v20200622-2037" unpack="false"/>

    <plugin id="org.apache.commons.io" download-size="227" install-size="450" version="2.6.0.v20190123-2029" unpack="false"/>

    <plugin id="org.eclipse.compare.core" download-size="66" install-size="127" version="3.6.1000.v20201020-1107" unpack="false"/>
    <plugin id="org.eclipse.core.commands" download-size="112" install-size="214" version="3.9.800.v20201021-1339" unpack="false"/>
    <plugin id="org.eclipse.core.contenttype" download-size="98" install-size="207" version="3.7.800.v20200724-0804" unpack="false"/>
    <plugin id="org.eclipse.core.databinding" download-size="180" install-size="420" version="1.10.100.v20200926-1123" unpack="false"/>
    <plugin id="org.eclipse.core.databinding.observable" download-size="306" install-size="726" version="1.10.0.v20200730-0848" unpack="false"/>
    <plugin id="org.eclipse.core.databinding.property" download-size="161" install-size="431" version="1.8.100.v20200619-0651" unpack="false"/>
    <plugin id="org.eclipse.core.expressions" download-size="90" install-size="178" version="3.7.0.v20200720-1126" unpack="false"/>
    <plugin id="org.eclipse.core.filesystem" download-size="65" install-size="122" version="1.7.700.v20200110-1734" unpack="false"/>
    <plugin id="org.eclipse.core.jobs" download-size="105" install-size="209" version="3.10.1000.v20200909-1312" unpack="false"/>
    <plugin id="org.eclipse.core.resources" download-size="875" install-size="1909" version="3.13.900.v20201105-1507" unpack="false"/>
    <plugin id="org.eclipse.e4.core.commands" download-size="25" install-size="45" version="0.13.0.v20201119-1132" unpack="false"/>
    <plugin id="org.eclipse.e4.core.contexts" download-size="47" install-size="93" version="1.8.400.v20191217-1710" unpack="false"/>
    <plugin id="org.eclipse.e4.core.di" download-size="51" install-size="106" version="1.7.600.v20200428-0912" unpack="false"/>
    <plugin id="org.eclipse.e4.core.di.extensions" download-size="11" install-size="14" version="0.16.0.v20200507-0938" unpack="false"/>
    <plugin id="org.eclipse.e4.core.services" download-size="68" install-size="125" version="2.2.500.v20200928-2213" unpack="false"/>
    <plugin id="org.eclipse.e4.ui.bindings" download-size="44" install-size="92" version="0.13.0.v20201119-1132" unpack="false"/>
    <plugin id="org.eclipse.e4.ui.css.core" download-size="210" install-size="430" version="0.13.0.v20201015-0653" unpack="false"/>
    <plugin id="org.eclipse.e4.ui.css.swt" download-size="200" install-size="415" version="0.14.0.v20201103-0952" unpack="false"/>
    <plugin id="org.eclipse.e4.ui.css.swt.theme" download-size="27" install-size="50" version="0.13.0.v20201026-1147" unpack="false"/>
    <plugin id="org.eclipse.e4.ui.di" download-size="16" install-size="23" version="1.2.900.v20201021-1339" unpack="false"/>
    <plugin id="org.eclipse.e4.ui.model.workbench" download-size="388" install-size="1179" version="2.1.900.v20201014-0742" unpack="false"/>
    <plugin id="org.eclipse.e4.ui.services" download-size="24" install-size="38" version="1.4.0.v20201014-0944" unpack="false"/>
    <plugin id="org.eclipse.e4.ui.widgets" download-size="13" install-size="21" version="1.2.800.v20201021-1339" unpack="false"/>
    <plugin id="org.eclipse.e4.ui.workbench" download-size="244" install-size="519" version="1.12.0.v20201119-1132" unpack="false"/>
    <plugin id="org.eclipse.e4.ui.workbench.renderers.swt" download-size="244" install-size="553" version="0.15.0.v20201125-0918" unpack="false"/>
    <plugin id="org.eclipse.e4.ui.workbench.renderers.swt.cocoa" os="macosx" download-size="29" install-size="53" version="0.12.600.v20200416-0656" fragment="true" unpack="false"/>
    <plugin id="org.eclipse.e4.ui.workbench3" download-size="20" install-size="33" version="0.15.500.v20201021-1339" unpack="false"/>
    <plugin id="org.eclipse.e4.ui.workbench.swt" download-size="145" install-size="289" version="0.15.0.v20201103-0952" unpack="false"/>
    <plugin id="org.eclipse.e4.ui.workbench.addons.swt" download-size="114" install-size="247" version="1.4.0.v20201119-1132" unpack="false"/>

    <plugin id="org.eclipse.emf.common" download-size="366" install-size="766" version="2.21.0.v20200917-1439" unpack="false"/>
    <plugin id="org.eclipse.emf.ecore" download-size="1381" install-size="3278" version="2.23.0.v20200630-0516" unpack="false"/>
    <plugin id="org.eclipse.emf.ecore.change" download-size="100" install-size="218" version="2.14.0.v20190528-0725" unpack="false"/>
    <plugin id="org.eclipse.emf.ecore.xmi" download-size="229" install-size="488" version="2.16.0.v20190528-0725" unpack="false"/>
    <plugin id="org.apache.felix.scr" download-size="411" install-size="960" version="2.1.24.v20200924-1939" unpack="false"/>
    <plugin id="org.eclipse.equinox.app" download-size="87" install-size="176" version="1.5.0.v20200717-0620" unpack="false"/>
    <plugin id="org.eclipse.equinox.bidi" download-size="50" install-size="93" version="1.3.0.v20200612-1624" unpack="false"/>
    <plugin id="org.eclipse.equinox.common" download-size="139" install-size="268" version="3.14.0.v20201102-2053" unpack="false"/>
    <plugin id="org.eclipse.equinox.event" download-size="34" install-size="61" version="1.5.500.v20200616-0800" unpack="false"/>
    <plugin id="org.eclipse.equinox.launcher" download-size="52" install-size="93" version="1.6.0.v20200915-1508" unpack="false"/>
    <plugin id="org.eclipse.equinox.preferences" download-size="133" install-size="275" version="3.8.100.v20201102-2042" unpack="false"/>
    <plugin id="org.eclipse.equinox.registry" download-size="190" install-size="400" version="3.10.0.v20201107-1818" unpack="false"/>
    <plugin id="org.eclipse.equinox.simpleconfigurator" download-size="45" install-size="85" version="1.3.600.v20200721-1308" unpack="false"/>
<!--    Was removed in 2019-12? -->
<!--    <plugin id="org.eclipse.equinox.util" download-size="0" install-size="0" version="0.0.0" unpack="false"/>-->
    <plugin id="org.eclipse.help" download-size="266" install-size="687" version="3.8.800.v20200525-0755" unpack="false"/>
    <plugin id="org.eclipse.jface" download-size="1103" install-size="2241" version="3.22.0.v20201106-0834" unpack="false"/>
    <plugin id="org.eclipse.jface.databinding" download-size="291" install-size="672" version="1.12.100.v20201014-0742" unpack="false"/>
    <plugin id="org.eclipse.jface.notifications" download-size="25" install-size="42" version="0.2.100.v20201130-1828" unpack="false"/>
    <plugin id="org.eclipse.jface.text" download-size="1023" install-size="2190" version="3.16.500.v20201112-1545" unpack="false"/>
    <plugin id="org.eclipse.osgi" download-size="1480" install-size="3180" version="3.16.100.v20201030-1916" unpack="false"/>
    <plugin id="org.eclipse.osgi.services" download-size="125" install-size="201" version="3.9.0.v20200511-1725" unpack="false"/>
    <plugin id="org.eclipse.osgi.compatibility.state" download-size="242" install-size="596" version="1.2.200.v20200915-2015" unpack="false"/>
    <plugin id="org.eclipse.swt" download-size="16" install-size="32" version="3.115.100.v20201202-1103" unpack="false"/>

    <plugin id="org.eclipse.text" download-size="287" install-size="581" version="3.10.400.v20200925-0557" unpack="false"/>
    <plugin id="org.eclipse.ui" download-size="432" install-size="544" version="3.118.100.v20201123-0719" unpack="false"/>
    <plugin id="org.eclipse.ui.forms" download-size="323" install-size="642" version="3.11.0.v20201025-0656" unpack="false"/>
    <plugin id="org.eclipse.ui.views" download-size="104" install-size="190" version="3.10.500.v20201021-1339" unpack="false"/>
    <plugin id="org.eclipse.ui.views.log" download-size="168" install-size="292" version="1.2.1300.v20200926-2205" unpack="false"/>
    <plugin id="org.eclipse.ui.workbench" download-size="3471" install-size="7434" version="3.122.0.v20201122-1345" unpack="false"/>
    <plugin id="org.eclipse.ui.workbench.texteditor" download-size="653" install-size="1400" version="3.15.100.v20201116-1727" unpack="false"/>

    <plugin id="org.eclipse.ui.intro" download-size="337" install-size="662" version="3.6.0.v20201120-1551" unpack="false"/>
    <plugin id="org.eclipse.ui.themes" download-size="58" install-size="121" version="1.2.1200.v20201112-1139"/>

    <plugin id="org.eclipse.update.configurator" download-size="94" install-size="189" version="3.4.700.v20200907-1237"/>

    <plugin id="com.sun.jna" download-size="1432" install-size="3897" version="4.5.1.v20190425-1842"/>
    <plugin id="com.sun.jna.platform" download-size="1167" install-size="2368" version="4.5.1.v20190425-1842"/>

    <!-- Quick search. Includes minimized ant bundle. -->

<!--    <plugin id="org.apache.ant" download-size="0" install-size="0" version="0.0.0"/>-->
    <plugin id="org.eclipse.text.quicksearch" download-size="93" install-size="187" version="1.0.400.v20201026-1722"/>

    <!-- GEF -->

    <!-- IDE plugin -->

    <plugin id="org.eclipse.ui.ide" download-size="2418" install-size="4772" version="3.18.0.v20201119-1132" unpack="false"/>
    <plugin id="org.eclipse.ui.editors" download-size="598" install-size="1351" version="3.13.400.v20200923-1238"/>

    <!-- Eclipse Mars additions -->

    <plugin id="org.eclipse.e4.core.di.annotations" download-size="11" install-size="15" version="1.6.600.v20191216-2352" unpack="false"/>
    <plugin id="org.eclipse.e4.emf.xpath" download-size="50" install-size="98" version="0.2.800.v20200609-0849" unpack="false"/>
    <plugin id="org.apache.commons.jxpath" download-size="317" install-size="658" version="1.3.0.v200911051830" unpack="false"/>

    <!-- 3rd party -->

    <plugin id="com.jcraft.jsch" download-size="297" install-size="539" version="0.1.55.v20190404-1902" unpack="false"/>
    <plugin id="org.apache.commons.logging" download-size="71" install-size="145" version="1.2.0.v20180409-1502" unpack="false"/>
    <plugin id="org.objectweb.asm" download-size="130" install-size="260" version="9.0.0.v20201001-1419" unpack="false"/>

    <!-- OS dependent -->

<!--
    <plugin id="org.eclipse.core.resources.win32.x86" os="win32" arch="x86" download-size="0" install-size="0" version="0.0.0" fragment="true" unpack="false"/>
    <plugin id="org.eclipse.core.filesystem.win32.x86" os="win32" arch="x86" download-size="0" install-size="0" version="0.0.0" fragment="true" unpack="false"/>
    <plugin id="org.eclipse.swt.win32.win32.x86" os="win32" ws="win32" arch="x86" download-size="0" install-size="0" version="0.0.0" fragment="true" unpack="false"/>
-->

    <plugin id="org.eclipse.core.resources.win32.x86_64" os="win32" arch="x86_64" download-size="57" install-size="109" version="3.5.400.v20190812-0909" fragment="true" unpack="false"/>
    <plugin id="org.eclipse.core.filesystem.win32.x86_64" os="win32" arch="x86_64" download-size="37" install-size="73" version="1.4.200.v20190812-0909" fragment="true" unpack="false"/>
    <plugin id="org.eclipse.swt.win32.win32.x86_64" os="win32" ws="win32" arch="x86_64" download-size="2308" install-size="4888" version="3.115.100.v20201202-1103" fragment="true" unpack="false"/>

<!--
    <plugin id="org.eclipse.core.filesystem.linux.x86" os="linux" arch="x86" download-size="0" install-size="0" version="0.0.0" fragment="true" unpack="false"/>
    <plugin id="org.eclipse.swt.gtk.linux.x86" os="linux" ws="gtk" arch="x86" download-size="0" install-size="0" version="0.0.0" fragment="true" unpack="false"/>
-->

    <plugin id="org.eclipse.core.filesystem.linux.x86_64" os="linux" arch="x86_64" download-size="11" install-size="21" version="1.2.300.v20180828-0158" fragment="true" unpack="false"/>
    <plugin id="org.eclipse.swt.gtk.linux.x86_64" os="linux" ws="gtk" arch="x86_64" download-size="2029" install-size="4682" version="3.115.100.v20201202-1103" fragment="true" unpack="false"/>

    <plugin id="org.eclipse.core.filesystem.macosx" os="macosx" download-size="16" install-size="44" version="1.3.200.v20190903-0945" fragment="true" unpack="false"/>
    <plugin id="org.eclipse.swt.cocoa.macosx.x86_64" os="macosx" ws="cocoa" arch="x86_64" download-size="2106" install-size="4947" version="3.115.100.v20201202-1103" fragment="true" unpack="false"/>

</feature>
