<?xml version="1.0" encoding="UTF-8"?>
<ehcache name="ruoyi" updateCheck="false">

    <!-- 磁盘缓存位置 -->
    <diskStore path="java.io.tmpdir"/>
    
    <!-- maxEntriesLocalHeap:堆内存中最大缓存对象数，0没有限制 -->
    <!-- maxElementsInMemory： 在内存中缓存的element的最大数目。-->
    <!-- eternal:elements是否永久有效，如果为true，timeouts将被忽略，element将永不过期 -->
    <!-- timeToIdleSeconds:失效前的空闲秒数，当eternal为false时，这个属性才有效，0为不限制 -->
    <!-- timeToLiveSeconds:失效前的存活秒数，创建时间到失效时间的间隔为存活时间，当eternal为false时，这个属性才有效，0为不限制 -->
    <!-- overflowToDisk： 如果内存中数据超过内存限制，是否要缓存到磁盘上 -->
    <!-- statistics：是否收集统计信息。如果需要监控缓存使用情况，应该打开这个选项。默认为关闭（统计会影响性能）。设置statistics="true"开启统计 -->
    
    <!-- 默认缓存 -->
    <defaultCache
            maxEntriesLocalHeap="1000"
            eternal="false"
            timeToIdleSeconds="3600"
            timeToLiveSeconds="3600"
            overflowToDisk="false">
    </defaultCache>

    <!-- 登录记录缓存 锁定10分钟 -->
    <cache name="loginRecordCache"
           maxEntriesLocalHeap="2000"
           eternal="false"
           timeToIdleSeconds="600"
           timeToLiveSeconds="0"
           overflowToDisk="false"
           statistics="true">
    </cache>

    <!-- 系统活跃用户缓存 -->
    <cache name="sys-userCache"
           maxEntriesLocalHeap="10000"
           overflowToDisk="false"
           eternal="false"
           diskPersistent="false"
           timeToLiveSeconds="0"
           timeToIdleSeconds="0"
           statistics="true">
    </cache>
    
    <!-- 系统缓存 -->
    <cache name="sys-cache"
           maxEntriesLocalHeap="1000"
           eternal="true"
           overflowToDisk="true"
           statistics="true">
    </cache>
    
    <!-- 系统参数缓存 -->
    <cache name="sys-config"
           maxEntriesLocalHeap="1000"
           eternal="true"
           overflowToDisk="true"
           statistics="true">
    </cache>
    
    <!-- 系统字典缓存 -->
    <cache name="sys-dict"
           maxEntriesLocalHeap="1000"
           eternal="true"
           overflowToDisk="true"
           statistics="true">
    </cache>
    <!-- 实体页面 -->
    <cache name="entity-pages"
           maxEntriesLocalHeap="1000"
           eternal="true"
           overflowToDisk="true"
           statistics="true">
    </cache>
    <!-- 实体枚举 -->
    <cache name="entity-enum"
           maxEntriesLocalHeap="1000"
           eternal="true"
           overflowToDisk="true"
           statistics="true">
    </cache>
    
    
    
    <!-- 系统会话缓存 -->
    <cache name="shiro-activeSessionCache"
           maxElementsInMemory="10000"
           overflowToDisk="true"
           eternal="true"
           timeToLiveSeconds="0"
           timeToIdleSeconds="0"
           diskPersistent="true"
           diskExpiryThreadIntervalSeconds="600">
    </cache>
    
</ehcache>
	