<?xml version="1.0" encoding="UTF-8"?>
<feature
        id="org.jkiss.dbeaver.standalone.feature"
        label="%featureName"
        version="7.3.3.202101161839"
        provider-name="%providerName"
        plugin="org.jkiss.dbeaver.ui.app.standalone">

    <description>
        %description
    </description>

    <copyright>
        %copyright
    </copyright>

    <license url="%licenseURL">
        %license
    </license>

    <url>
        <update label="DBeaver Universal Database Manager" url="https://dbeaver.io/"/>
    </url>

    <requires>
        <import plugin="org.apache.commons.logging" match="greaterOrEqual"/>
        <import plugin="com.jcraft.jsch" match="greaterOrEqual"/>
        <import plugin="org.objectweb.asm" match="greaterOrEqual"/>
    </requires>

    <includes id="org.jkiss.dbeaver.rcp.feature" version="2.1.124.202101161839"/>

    <includes id="org.jkiss.dbeaver.runtime.feature" version="7.3.3.202101161839"/>
    <includes id="org.jkiss.dbeaver.ui.feature" version="7.3.3.202101161839"/>
    <includes id="org.jkiss.dbeaver.db.feature" version="1.0.40.202101161839"/>
    <includes id="org.jkiss.dbeaver.db.ui.feature" version="1.0.40.202101161839"/>

    <!-- Additional plugins for standalone version -->

    <plugin id="org.jkiss.dbeaver.ext.sample.database" download-size="413" install-size="1119" version="1.0.86.202101161839" unpack="false"/>
    <plugin id="org.jkiss.dbeaver.ext.ui.tipoftheday" download-size="18" install-size="35" version="1.0.55.202101161839" unpack="false"/>

    <!-- P2 for RCP -->
    <includes id="org.eclipse.equinox.p2.rcp.feature" version="1.4.1000.v20201106-1246"/>
    <includes id="org.eclipse.equinox.p2.discovery.feature" version="1.2.800.v20200916-1234"/>
    <includes id="org.eclipse.equinox.p2.extras.feature" version="1.4.1000.v20201106-1246"/>
    <includes id="org.eclipse.equinox.p2.user.ui" version="2.4.1000.v20201106-1246"/>

    <plugin id="org.eclipse.ui.ide.application" download-size="108" install-size="213" version="1.3.900.v20201102-2031" unpack="false"/>

    <!-- EGit and other requirements -->
    <plugin id="org.eclipse.ui.net" download-size="45" install-size="84" version="1.3.800.v20200422-1935"/>
    <plugin id="org.eclipse.jsch.core" download-size="40" install-size="75" version="1.3.900.v20200422-1935"/>
    <plugin id="org.eclipse.jsch.ui" download-size="91" install-size="180" version="1.3.1100.v20200916-0731"/>
    <plugin id="org.eclipse.core.variables" download-size="35" install-size="65" version="3.4.800.v20200120-1101"/>
    <!--<plugin id="org.eclipse.ui.cheatsheets" download-size="0" install-size="0" version="0.0.0"/>-->

    <!-- Include org.eclipse.ui.themes because it was added only in 4.4 -->
    <plugin id="org.eclipse.ui.themes" download-size="58" install-size="121" version="1.2.1200.v20201112-1139"/>

    <!-- Custom stuff -->
    <plugin id="org.apache.commons.cli" download-size="51" install-size="107" version="1.3.1" unpack="false"/>


</feature>
