[
	{
		"remark": "/system/main",
		"configName": "首页",
		"configKey": "sys.index.main",
		"configValue": "/system/main",
		"configType": "Y"
	},
	{
		"remark": "是否开启注册用户功能",
		"configName": "账号自助-是否开启用户注册功能",
		"configKey": "sys.account.registerUser",
		"configValue": "false",
		"configType": "Y"
	},
	{
		"remark": "初始化密码 123456",
		"configName": "用户管理-账号初始密码",
		"configKey": "sys.user.initPassword",
		"configValue": "123456",
		"configType": "Y"
	},
	{
		"remark": "深黑主题theme-dark，浅色主题theme-light，深蓝主题theme-blue",
		"configName": "主框架页-侧边栏主题",
		"configKey": "sys.index.sideTheme",
		"configValue": "theme-dark",
		"configType": "Y"
	},{
		"remark": "蓝色 skin-blue、绿色 skin-green、紫色 skin-purple、红色 skin-red、黄色 skin-yellow",
		"configName": "主框架页-默认皮肤样式名称",
		"configKey": "sys.index.skinName",
		"configValue": "skin-blue",
		"configType": "Y"
	},
	{
		"remark": "统一认证应用识别码",
		"configName": "统一认证-应用识别码",
		"configKey": "sys.sso.client.appkey",
		"configValue": "",
		"configType": "Y"
	},
	{
		"remark": "统一认证加密盐",
		"configName": "统一认证-统一认证加密盐",
		"configKey": "sys.sso.client.secret",
		"configValue": "",
		"configType": "Y"
	},
	{
		"remark": "统一认证账号识别字段",
		"configName": "统一认证-统一认证账号识别字段",
		"configKey": "sys.sso.client.username",
		"configValue": "username",
		"configType": "Y"
	},
	{
		"remark": "配置远程开放认证服务器参数JSON格式",
		"configName": "开放认证-使用远程开放认证服务器",
		"configKey": "sys.sso.oauth",
		"configValue": "[]",
		"configType": "Y"
	}
	
]